filename,foreground,background
IXMtest_A02_s1_w1051DAA7C-7042-435F-99F0-1E847D9B42CB.png,white,black
IXMtest_A06_s6_w1B9577918-4973-4A87-BA73-A168AA755527.png,white,black
IXMtest_A15_s5_w1825174D4-ED30-490C-9635-6196417D6C9D.png,white,black
IXMtest_A16_s3_w1032BE329-E21B-4E1B-B4B8-58700685EE0C.png,white,black
IXMtest_A18_s1_w1BFDF1C94-9C1F-4F5F-BBC1-05196333B1BF.png,white,black
IXMtest_A20_s4_w153DE191F-B112-471B-AC0A-FAD27990714B.png,white,black
IXMtest_A21_s1_w1D8BF2790-C628-4109-94AF-DF6D8A3480B6.png,white,black
IXMtest_A24_s9_w152CD6793-DA45-4975-869A-CBD49D645E37.png,white,black
IXMtest_B04_s4_w1F6AEFA0F-AF87-4B3B-A334-698647CFE043.png,white,black
IXMtest_B12_s2_w19F7E0279-D087-4B5E-9899-61971C29CB78.png,white,black
IXMtest_B12_s9_w1ABE4C6B8-6110-4D7D-B782-94C43FDC2E1F.png,white,black
IXMtest_B17_s7_w1215A0A98-4A76-4846-B54A-F7C1EAF84E02.png,white,black
IXMtest_B19_s7_w1E43B84DB-39E2-4BFB-8CB4-554B32098C75.png,white,black
IXMtest_B20_s2_w159B9FE71-035A-4DED-B0CA-C76916C968BC.png,white,black
IXMtest_B21_s3_w141E785B1-44FE-4ED0-9CCE-6FF076EFE9FE.png,white,black
IXMtest_B21_s4_w1521471E0-9BD7-492A-8739-9C782C2585B0.png,white,black
IXMtest_B21_s7_w1276972A2-1794-4A98-8E76-876A597C346B.png,white,black
IXMtest_B22_s6_w19397283D-2426-4942-8A0F-EB75E1D48C2D.png,white,black
IXMtest_B22_s8_w10754C18F-B059-47B4-A423-FF429B984D80.png,white,black
IXMtest_B23_s1_w152C21D3B-75A9-4FF9-839A-23E6CE19AEEC.png,white,black
IXMtest_B24_s9_w18C4FE0DD-12CA-4711-9722-3E3105D1E691.png,white,black
IXMtest_C02_s4_w1661FF37C-AB9B-4038-BDF3-D21DFD2811BE.png,white,black
IXMtest_C05_s7_w1F71963FB-8F29-41CB-A5F5-07CB9584BBC5.png,white,black
IXMtest_C09_s7_w1768A3B0D-47FE-4D77-B1C6-46018E29486F.png,white,black
IXMtest_C18_s1_w11C16FC59-2E29-496A-803A-89581FDF538A.png,white,black
IXMtest_C19_s4_w1AD3DC23E-B9B5-46E9-9716-26096C672A13.png,white,black
IXMtest_C21_s9_w1289444BE-8623-4867-86E7-01E155C6538D.png,white,black
IXMtest_D02_s8_w1AC6783DF-ED35-4818-8091-E6D02AF4BFBD.png,white,black
IXMtest_D04_s2_w1E05C134E-BAFE-4FD7-8116-2D05E0839879.png,white,black
IXMtest_D04_s9_w17B6268DB-8215-4DC6-943C-CC009A8A5732.png,white,black
IXMtest_D06_s5_w13C67AAA9-6E81-42DB-AC5F-7126602F3607.png,white,black
IXMtest_D07_s4_w16CF58D03-0B05-41FE-AE73-7298887DEBB1.png,white,black
IXMtest_D19_s6_w1EB1F11AE-4FB6-481F-94D9-40246870F0CB.png,white,black
IXMtest_D20_s9_w1588B4C42-5A0D-4B93-9A80-A6527CC1C411.png,white,black
IXMtest_E04_s4_w1F5ABC12B-FABD-4E33-AB99-82271209853E.png,white,black
IXMtest_E05_s2_w15CCE97F8-3F02-412E-8BF2-FC92972DDA1A.png,white,black
IXMtest_E06_s3_w1701573EB-CE9A-4D76-8668-0416996E1DCD.png,white,black
IXMtest_E08_s2_w1588EDEBA-1BBA-4E49-810F-2EF2064C8846.png,white,black
IXMtest_E12_s9_w1A811DEC0-ADD9-411A-B5D5-A654C70F253D.png,white,black
IXMtest_E15_s5_w1419F04CC-50C3-41FB-A87A-FB17647A2E33.png,white,black
IXMtest_E19_s2_w1752F162C-2C91-4A67-BF4F-D073C3D88291.png,white,black
IXMtest_E19_s4_w129545707-4CD3-4498-AC27-E4AE24D0253C.png,white,black
IXMtest_E23_s8_w10F1F106B-057A-482C-93BB-C9A0B044C054.png,white,black
IXMtest_F01_s2_w189F7DC13-4572-43C9-8C23-CD9AEB41B24A.png,white,black
IXMtest_F07_s5_w15678F19D-6F23-4FB4-8851-5B57CF8CCCF8.png,white,black
IXMtest_F08_s1_w144C3056F-C4DD-4D39-A40F-4F4576A6DBD8.png,white,black
IXMtest_F12_s5_w17F3E9DFC-6705-40A9-B5FE-C60261D73052.png,white,black
IXMtest_F12_s9_w1CD127D58-4641-41D3-88CC-E12B7FE77D78.png,white,black
IXMtest_F13_s7_w13C1B1D8C-293E-454F-B0FD-6C2C3F9F5173.png,white,black
IXMtest_F21_s1_w1E2770CF6-417B-4804-9B45-6EE7D783D8CA.png,white,black
IXMtest_F22_s6_w1D6C33377-3947-4DAC-B62D-531C2565F150.png,white,black
IXMtest_F22_s6_w1F4C7ADE4-B68D-4D30-A063-722B87AA2DA1.png,white,black
IXMtest_G05_s6_w1AA0013DE-ED7A-428E-A17A-09959E7DC1A2.png,white,black
IXMtest_G06_s3_w19ABE30DE-4BFC-4CD5-AD16-6C8BD6E69F9D.png,white,black
IXMtest_G08_s6_w1823194BE-DE9A-4638-BACD-CABE5FA4C89C.png,white,black
IXMtest_G10_s3_w1C1257E17-1DBA-4619-B06E-D6DBB8A53088.png,white,black
IXMtest_G12_s6_w16850371E-A405-4D73-9816-F5F68F885D38.png,white,black
IXMtest_G13_s9_w19606195E-12B4-46FF-9B83-1F7FE11B3AFB.png,white,black
IXMtest_G16_s3_w1B4690283-D75E-4DFB-92B0-29419E8292C6.png,white,black
IXMtest_G16_s6_w1C3F175E2-0AF5-401C-AC5C-8E128A237B22.png,white,black
IXMtest_G18_s9_w17F495AF2-03D2-4683-BD37-56887F4A3A84.png,white,black
IXMtest_G22_s3_w157F2847B-C953-410E-8F60-956A6023AED4.png,white,black
IXMtest_G22_s5_w1CE8AEFCD-7739-4D60-B112-9D2D73EE05E5.png,white,black
IXMtest_G23_s4_w126F855D5-89CE-432B-9592-684B6E5EEF24.png,white,black
IXMtest_G23_s8_w12910C37A-C52C-45B2-A796-7C60A2247C32.png,white,black
IXMtest_H01_s8_w13C7E7AAD-FC32-42F8-88C5-DDEA4BD8832C.png,white,black
IXMtest_H01_s9_w1237AA324-894F-4C97-99F3-FEF47F52A550.png,white,black
IXMtest_H06_s4_w16261E805-AF5F-4785-BB65-C77B61FF39F7.png,white,black
IXMtest_H06_s6_w1C3C98946-0210-4D6A-831E-5681452CCD1D.png,white,black
IXMtest_H07_s2_w1D8F30687-16A2-4A0D-BDD5-377257089055.png,white,black
IXMtest_H08_s8_w1418B93F8-515E-49A7-A9AE-CAF7A1589A38.png,white,black
IXMtest_H11_s5_w1612B789B-6279-41E1-B4C6-009BF5772334.png,white,black
IXMtest_H11_s6_w19DF4E879-8DE4-45D6-840B-305BDDB27076.png,white,black
IXMtest_H16_s4_w16207B133-B3F5-4C39-87A6-D71359B27581.png,white,black
IXMtest_H17_s1_w10A751E6C-5D06-4147-AB73-7FFAE0B57CC5.png,white,black
IXMtest_H18_s7_w1D78A9181-AF11-4219-9C1E-2DB2684E948E.png,white,black
IXMtest_H24_s6_w15034AA9F-051A-4BF0-A62F-ABAE599C4867.png,white,black
IXMtest_I01_s4_w1218CC565-C87E-4390-936A-4D3E51BC10DB.png,white,black
IXMtest_I04_s9_w16A5CC270-8B92-42EE-AA4A-855776F7D46B.png,white,black
IXMtest_I07_s4_w1F156255A-3842-46FB-ABF2-9D041E523F86.png,white,black
IXMtest_I08_s2_w11996D679-5D76-4FB8-A681-2014A8999EC8.png,white,black
IXMtest_I11_s6_w1B2DC04C7-2D7D-45C6-9DC2-66D8605FBE63.png,white,black
IXMtest_I15_s5_w11265571E-AA95-4E58-82CF-A75E3F240956.png,white,black
IXMtest_I15_s8_w196F01FA4-CE06-44AE-AAA5-ADEC35BAE513.png,white,black
IXMtest_I16_s9_w1582FD22A-5270-4FDC-868F-5F75808E2321.png,white,black
IXMtest_I18_s3_w1544C8B7A-E092-4F9D-B8D3-C489638D770F.png,white,black
IXMtest_J02_s5_w1F53DDD35-C0B2-4E39-BA3B-9F66D289AB02.png,white,black
IXMtest_J02_s8_w1D9C198F9-ECF0-4EF7-848D-AC7782CD3C28.png,white,black
IXMtest_J03_s4_w1472990BF-A442-497B-8A43-8EE065002EEB.png,white,black
IXMtest_J07_s9_w16921AB3C-1E9C-41C5-ADDA-7DE5CBF9CCBB.png,white,black
IXMtest_J08_s2_w1C146DB1C-05B3-49EF-9C62-1185FD9897AC.png,white,black
IXMtest_J11_s2_w1177A125B-DEBE-4CB7-8F26-53A871785BA5.png,white,black
IXMtest_J15_s9_w1857B395F-AE7A-4319-BC26-3A041C0E31E9.png,white,black
IXMtest_J20_s1_w1EEE65E52-7AD8-47C7-A286-6E84C5D77953.png,white,black
IXMtest_J20_s5_w15709AA91-01B9-4959-963A-9D1D574D12E4.png,white,black
IXMtest_K02_s3_w1FE99F6CA-8D35-4496-8F52-DBE55EFAB7E6.png,white,black
IXMtest_K05_s7_w1816D5E2A-B9D8-48DA-9FE6-CBC35FE38C8D.png,white,black
IXMtest_K06_s9_w1787DFDA5-E2CE-40DB-9430-CC3766599BCC.png,white,black
IXMtest_K11_s4_w139A2D71E-EC27-49CC-BDA0-1118747BDC76.png,white,black
IXMtest_K12_s1_w193D6C057-1AA9-4E2F-86EA-2E71961BE68B.png,white,black
IXMtest_K12_s6_w160D86D6B-648B-433E-9776-8A42DF40E5FB.png,white,black
IXMtest_K12_s7_w12A7857A5-3C92-4A08-8E81-2CA8A99F67AE.png,white,black
IXMtest_K18_s8_w11FC8D3EA-E30D-46B8-A45E-0399327AA8AC.png,white,black
IXMtest_L01_s2_w1E5038251-DBA3-44D0-BC37-E43E2FC8C174.png,white,black
IXMtest_L01_s3_w1E7E0D198-5FB4-4E10-A27C-C46463DA9E06.png,white,black
IXMtest_L03_s2_w1AC4550E2-F824-4A58-9CC5-952AD9ECE76A.png,white,black
IXMtest_L03_s6_w1BE79472D-5E2C-422F-A16E-7AC0691C0FD8.png,white,black
IXMtest_L05_s2_w1B9C6FAC9-9D48-4184-8D9B-ABFC3BEC1125.png,white,black
IXMtest_L06_s4_w14DD3575A-627B-4A71-91F0-3396DE0B33C4.png,white,black
IXMtest_L10_s6_w12D12D64C-2639-4CA8-9BB4-99F92C9B7068.png,white,black
IXMtest_L11_s4_w13C057BB5-9CFB-471F-84B5-72F80654CF81.png,white,black
IXMtest_L13_s5_w14B7DEC0F-735B-428F-B8B4-F4FF32B6ED4A.png,white,black
IXMtest_L14_s5_w14B42C89E-7650-44AC-9D7B-50BE61EA307E.png,white,black
IXMtest_L17_s1_w1DDC627E5-ADF1-441C-A437-D1D91CC0D498.png,white,black
IXMtest_L21_s5_w122478CD2-80DC-4B4E-9BC8-A6F6239F4103.png,white,black
IXMtest_M04_s3_w1A599DF67-1E7F-4A09-84FD-0080767A735C.png,white,black
IXMtest_M12_s5_w16D817EFA-C3C9-45DB-AC15-61BB143DEC62.png,white,black
IXMtest_M15_s8_w113217199-6161-475C-A786-265D0444C84B.png,white,black
IXMtest_M20_s3_w15C73A7C7-F81B-4583-AB8F-0A64336AF070.png,white,black
IXMtest_M23_s8_w118BC311D-A998-4161-8256-22839B2421F2.png,white,black
IXMtest_N02_s8_w1B14E70A6-CACF-425C-A958-1285482357F3.png,white,black
IXMtest_N12_s7_w166EF3FAB-EA33-4B28-91E3-034A1654BAAE.png,white,black
IXMtest_N15_s3_w148785C31-5B78-47BA-8802-FB8F2CEA6BE2.png,white,black
IXMtest_N15_s8_w16DBEFA45-FE5A-4233-A1B9-89CA8CF81FB8.png,white,black
IXMtest_N18_s2_w1CC5ED51D-86C5-437D-8EDD-E56E4C949B3B.png,white,black
IXMtest_N18_s5_w1A2FA7E05-3145-461D-9111-FAB41A7F6D6F.png,white,black
IXMtest_N23_s2_w16380EDDA-E5B8-4168-8BE7-F83AD9810680.png,white,black
IXMtest_N24_s7_w1AC0733FE-E0FD-45B2-930B-FEEAB052DB36.png,white,black
IXMtest_O07_s2_w148B3D2F0-D4D6-4F1A-88D3-F18574F52153.png,white,black
IXMtest_O07_s6_w17884A281-85EA-4DD8-9D5A-42427988AE36.png,white,black
IXMtest_O09_s2_w133C7EDCE-1C7C-41A6-9E52-7AD499E7CDC8.png,white,black
IXMtest_O10_s8_w18F4DB020-BFB7-4F13-B99C-C39F8E54F85D.png,white,black
IXMtest_O13_s3_w12D9C1C9C-C582-4080-B9BE-4807FA3E0843.png,white,black
IXMtest_O15_s6_w1A4844AB3-6D66-4B9A-8212-758E061C349F.png,white,black
IXMtest_O16_s2_w1F6F6A3A1-99E4-4029-B734-022806CF6D42.png,white,black
IXMtest_O16_s3_w129E61E12-E398-496E-9408-092D2D70E74B.png,white,black
IXMtest_O18_s1_w1C2EE9CCF-5055-4E56-BB3A-212A63545A90.png,white,black
IXMtest_O18_s7_w19C30A212-58D3-4030-AA4F-B0C4482F1F8A.png,white,black
IXMtest_O24_s5_w175443699-7C4C-4E5F-9C5F-57A342CC87DE.png,white,black
IXMtest_P01_s3_w1A7DC2612-9C11-4656-B100-102AF8FE8B43.png,white,black
IXMtest_P05_s5_w18FC141F8-8BCA-4851-9000-31D080922BDD.png,white,black
IXMtest_P09_s4_w11E382363-8C26-4A73-9D8A-8193D66E5785.png,white,black
IXMtest_P10_s2_w130B9EBAE-801C-4AAC-A3CE-1C96EE2E6FF9.png,white,black
IXMtest_P10_s7_w1F78192AF-7D11-4D41-80F3-8CD6DB05AB57.png,white,black
IXMtest_P13_s6_w1270AEE06-D31F-421C-8147-13644F4C5B94.png,white,black
IXMtest_P15_s3_w10F5E9699-743C-4177-93CE-27CFD65A925E.png,white,black
IXMtest_P21_s5_w1ACEBEE91-BAFA-49E6-9D97-D07197400A15.png,white,black
IXMtest_P23_s7_w13B627CB9-6C57-4049-AAD7-6468A051DD24.png,white,black
IXMtest_P23_s9_w1CA355675-EEC7-40B6-82C8-DC7E52A7A825.png,white,black
IXMtest_P24_s9_w13AC6C03C-E8D7-4A23-B649-514BB4052F52.png,white,black
